SAMPLE_ID,TRUE_HUGO_SYMBOL,TRUE_PROTEIN_CHANGE,TRUE_VARIANT_CLASSIFICATION,VARIANT_CATEGORY,CNV_CALL,WILDTYPE,CHROMOSOME,POSITION,TRUE_CDNA_CHANGE,REFERENCE_ALLELE,TRUE_TRANSCRIPT_EXON,CANONICAL_STRAND,ALLELE_FRACTION,TIER
BRCA-METABRIC-S1-MB-0506,PIK3CA,p.H1047R,Missense_Mutation,MUTATION,,false,chr3,178952085,c.A900G,A,8,_,0.5827659956067299,3
BRCA-METABRIC-S1-MB-7013,NOTCH1,p.L1644L,Silent,MUTATION,,false,chr9,139399213,c.G210A,G,11,+,0.3175470842445447,1
BRCA-METABRIC-S1-MB-2774,PTPRD,p.P1530L,Missense_Mutation,MUTATION,,false,chr9,8376008,c.G169A,G,13,+,0.03149386916865671,4
BRCA-METABRIC-S1-MB-7032,PIK3CA,p.H1047R,Missense_Mutation,MUTATION,,false,chr3,178952085,c.A560G,A,9,+,0.32052850721504167,3
BRCA-METABRIC-S1-MB-7010,PIK3CA,p.H1047R,Missense_Mutation,MUTATION,,false,chr3,178952085,c.A425G,A,6,_,0.7099834660286015,3
BRCA-METABRIC-S1-MB-2774,MAP2K4,p.S257T,Missense_Mutation,MUTATION,,false,chr17,12016633,c.T607A,T,19,_,0.4005560473576275,4
BRCA-METABRIC-S1-MB-7056,SYNE1,p.Q4085Q,Silent,MUTATION,,false,chr6,152660472,c.C724T,C,13,_,0.30553721026609326,4
BRCA-METABRIC-S1-MB-7056,ARID1B,p.Q1355L,Missense_Mutation,MUTATION,,false,chr6,157519995,c.A160T,A,15,_,0.8722841742873436,2
BRCA-METABRIC-S1-MB-7074,ERBB4,p.L97L,Silent,MUTATION,,false,chr2,212812285,c.C84T,C,13,_,0.784373327578109,4
BRCA-METABRIC-S1-MB-7074,EP300,p.P802L,Missense_Mutation,MUTATION,,false,chr22,41545790,c.C170T,C,3,_,0.16146798918289573,1
BRCA-METABRIC-S1-MB-0506,PIK3CA,p.H1047R,Missense_Mutation,MUTATION,,false,chr3,178952085,c.A900G,A,8,_,0.5827659956067299,3
BRCA-METABRIC-S1-MB-7010,PIK3CA,p.H1047R,Missense_Mutation,MUTATION,,false,chr3,178952085,c.A425G,A,6,_,0.7099834660286015,3
BRCA-METABRIC-S1-MB-7013,NOTCH1,p.L1644L,Silent,MUTATION,,false,chr9,139399213,c.G210A,G,11,+,0.3175470842445447,1
BRCA-METABRIC-S1-MB-2774,PIK3CA,p.N345K,Missense_Mutation,MUTATION,,false,chr3,178921553,c.T414A,T,16,_,0.31746581577878774,1
BRCA-METABRIC-S1-MB-7056,ARID1B,p.Q1355L,Missense_Mutation,MUTATION,,false,chr6,157519995,c.A160T,A,15,_,0.8722841742873436,2
BRCA-METABRIC-S1-MB-7074,ERBB4,p.L97L,Silent,MUTATION,,false,chr2,212812285,c.C84T,C,13,_,0.784373327578109,4
BRCA-METABRIC-S1-MB-7074,EP300,p.P802L,Missense_Mutation,MUTATION,,false,chr22,41545790,c.C170T,C,3,_,0.16146798918289573,1
BRCA-METABRIC-S1-MB-0552,PIK3CA,p.E545K,Missense_Mutation,MUTATION,,false,chr3,178936091,c.G258A,G,14,_,0.8182817820839527,4
BRCA-METABRIC-S1-MB-7087,SYNE1,p.L8331V,Missense_Mutation,MUTATION,,false,chr6,152464886,c.G276C,G,10,+,0.552305781659264,4
BRCA-METABRIC-S1-MB-7038,ARID1A,p.A1927P,Missense_Mutation,MUTATION,,false,chr1,27106168,c.G648C,G,1,_,0.14255420759160065,3
BRCA-METABRIC-S1-MB-7081,ROS1,p.R1942W,Missense_Mutation,MUTATION,,false,chr6,117641147,c.G646A,G,3,_,0.1838964030809136,3
BRCA-METABRIC-S1-MB-7035,PIK3CA,p.E545K,Missense_Mutation,MUTATION,,false,chr3,178936091,c.G187A,G,8,+,0.12267120250283148,2
BRCA-METABRIC-S1-MB-7090,PIK3CA,p.E545K,Missense_Mutation,MUTATION,,false,chr3,178936091,c.G506A,G,18,+,0.9688189335344527,1
BRCA-METABRIC-S1-MB-2853,NF1,p.T1013T,Silent,MUTATION,,false,chr17,29557326,c.G168C,G,14,+,0.31024710253738697,1
BRCA-METABRIC-S1-MB-0571,PIK3CA,p.N345K,Missense_Mutation,MUTATION,,false,chr3,178921553,c.T361A,T,5,_,0.31145236078023564,3
BRCA-METABRIC-S1-MB-7060,NF1,p.E2430X,Nonsense_Mutation,MUTATION,,false,chr17,29676236,c.G646T,G,2,_,0.20405039932693392,4
BRCA-METABRIC-S1-MB-0571,MAP3K1,p.C355Y,Missense_Mutation,MUTATION,,false,chr5,56161195,c.G261A,G,4,_,0.1819479763869728,3
BRCA-METABRIC-S1-MB-2771,APC,p.R1146H,Missense_Mutation,MUTATION,,false,chr5,112174728,c.G906A,G,9,_,0.0007656462187753954,4
BRCA-METABRIC-S1-MB-2793,PIK3CA,p.E545K,Missense_Mutation,MUTATION,,false,chr3,178936091,c.G681A,G,6,_,0.8224346429192343,3
BRCA-METABRIC-S1-MB-2847,ASXL1,p.P229T,Missense_Mutation,MUTATION,,false,chr20,31017823,c.C201A,C,5,_,0.7240537344337382,3
BRCA-METABRIC-S1-MB-2771,NOTCH1,p.Q2376H,Missense_Mutation,MUTATION,,false,chr9,139391063,c.C585A,C,12,+,0.905985621905453,4
BRCA-METABRIC-S1-MB-7012,ARID1A,p.Q505L,Missense_Mutation,MUTATION,,false,chr1,27057806,c.A536T,A,3,+,0.5138104641335264,1
BRCA-METABRIC-S1-MB-3500,SYNE1,p.K3209X,Nonsense_Mutation,MUTATION,,false,chr6,152690632,c.T566A,T,2,_,0.8188901014988249,3
BRCA-METABRIC-S1-MB-3500,EGFR,p.H773D,Missense_Mutation,MUTATION,,false,chr7,55249019,c.C214G,C,4,+,0.3102841741986,3
BRCA-METABRIC-S1-MB-7063,SYNE1,p.K5312E,Missense_Mutation,MUTATION,,false,chr6,152643005,c.T706C,T,10,+,0.20021916241119975,1
BRCA-METABRIC-S1-MB-0506,TP53,p.C135W,Missense_Mutation,MUTATION,,false,chr17,7578525,c.G531C,G,8,_,0.5721701032601486,2
BRCA-METABRIC-S1-MB-7055,TP53,p.R306X,Nonsense_Mutation,MUTATION,,false,chr17,7577022,c.G444A,G,17,_,0.40561681921775394,1
BRCA-METABRIC-S1-MB-7082,TP53,p.C135W,Missense_Mutation,MUTATION,,false,chr17,7578525,c.G116C,G,16,_,0.3903218688472474,3
BRCA-METABRIC-S1-MB-0559,PBRM1,p.P1365P,Silent,MUTATION,,false,chr3,52595976,c.T945C,T,19,+,0.1974256503037909,2
BRCA-METABRIC-S1-MB-7040,BRIP1,p.H835Q,Missense_Mutation,MUTATION,,false,chr17,59770861,c.G761C,G,14,+,0.0629128348895811,2
BRCA-METABRIC-S1-MB-5629,ROS1,p.Q520X,Nonsense_Mutation,MUTATION,,false,chr6,117710714,c.G374A,G,16,+,0.059633343587495724,3
BRCA-METABRIC-S1-MB-7097,SYNE1,p.Q4693Q,Silent,MUTATION,,false,chr6,152651741,c.T410C,T,10,+,0.2047884968148348,2
BRCA-METABRIC-S1-MB-5632,NOTCH1,p.L1644L,Silent,MUTATION,,false,chr9,139399213,c.G682A,G,3,+,0.3888056893619932,4
BRCA-METABRIC-S1-MB-7013,SYNE1,p.R8293Q,Missense_Mutation,MUTATION,,false,chr6,152469278,c.C74T,C,1,_,0.9278414141589436,2
BRCA-METABRIC-S1-MB-7092,ARID1A,p.Y212X,Nonsense_Mutation,MUTATION,,false,chr1,27023530,c.C272A,C,12,+,0.3571570850400614,2
BRCA-METABRIC-S1-MB-2846,FANCD2,,Splice_Site,MUTATION,,false,chr3,10115047,c.G112A,G,10,_,0.7133706564323443,3
BRCA-METABRIC-S1-MB-7092,ERBB4,p.A90S,Missense_Mutation,MUTATION,,false,chr2,212812308,c.C196A,C,1,_,0.3194592572447008,2
BRCA-METABRIC-S1-MB-2846,TP53,p.Y234N,Missense_Mutation,MUTATION,,false,chr17,7577581,c.A403T,A,7,_,0.8363104838925877,4
BRCA-METABRIC-S1-MB-5653,PIK3CA,p.E542K,Missense_Mutation,MUTATION,,false,chr3,178936082,c.G880A,G,3,+,0.1415481998980287,2
BRCA-METABRIC-S1-MB-2774,PTPRD,p.P1530L,Missense_Mutation,MUTATION,,false,chr9,8376008,c.G169A,G,13,+,0.03149386916865671,4
BRCA-METABRIC-S1-MB-5591,AKT2,p.S432S,Silent,MUTATION,,false,chr19,40741022,c.G563A,G,8,+,0.7583250667854992,4
BRCA-METABRIC-S1-MB-2774,MAP2K4,p.S257T,Missense_Mutation,MUTATION,,false,chr17,12016633,c.T607A,T,19,_,0.4005560473576275,4
BRCA-METABRIC-S1-MB-7056,AKT1,p.E17K,Missense_Mutation,MUTATION,,false,chr14,105246551,c.C956T,C,9,+,0.49549698419533195,1
BRCA-METABRIC-S1-MB-7032,PIK3CA,p.H1047R,Missense_Mutation,MUTATION,,false,chr3,178952085,c.A560G,A,9,+,0.32052850721504167,3
BRCA-METABRIC-S1-MB-5554,BRCA2,p.I1583T,Missense_Mutation,MUTATION,,false,chr13,32913240,c.T346C,T,12,+,0.0643296303202121,1
BRCA-METABRIC-S1-MB-7056,SYNE1,p.Q4085Q,Silent,MUTATION,,false,chr6,152660472,c.C724T,C,13,_,0.30553721026609326,4
BRCA-METABRIC-S1-MB-5560,TP53,p.R175H,Missense_Mutation,MUTATION,,false,chr17,7578406,c.C49T,C,10,_,0.28986158288993813,3
BRCA-METABRIC-S1-MB-7056,BRAF,p.D143G,Missense_Mutation,MUTATION,,false,chr7,140534485,c.T325C,T,14,_,0.7180051974024381,2
BRCA-METABRIC-S1-MB-5576,NOTCH1,p.A683A,Silent,MUTATION,,false,chr9,139409120,c.C384T,C,5,+,0.5435134670735732,3
